model,train_r2,test_r2,test_rmse,test_mae
Linear Regression,0.7122306250384325,0.6720479903660503,0.31655650412097336,0.23485611747244636
SVR,0.8125597769350948,0.6973717782945781,0.3040890668087311,0.22543783164907472
Decision Tree,0.6998209228187071,0.584220645568315,0.35643271048971725,0.26834292834945556
Random Forest,0.7411912722030802,0.6459436456827421,0.3289139471076907,0.24340996332797918
XGBoost,0.8055984791634987,0.7277458202136495,0.28842531187238224,0.2138621647637167
