model,train_r2,test_r2,test_rmse,test_mae
Linear Regression,0.35816797073081574,0.28355923494217505,0.4678818919749996,0.3590971044137047
SVR,0.43001690525250835,0.3417643867268271,0.448473494631961,0.3409846198300357
Decision Tree,0.47609492334725434,0.3284999718955486,0.4529696564985724,0.3490357532093602
Random Forest,0.5086374900263286,0.36232103109829106,0.441415053605458,0.3398931569389971
XGBoost,0.4722814855583787,0.37529238872695614,0.4369024615374668,0.3350577090488439
