model,train_r2,test_r2,test_rmse,test_mae
Linear Regression,0.7122306250384325,0.6720479903660503,0.31655650412097336,0.23485611747244636
SVR,0.8125597769350946,0.6973717782945773,0.3040890668087315,0.22543783164907477
Decision Tree,0.6998209228187071,0.5842206455683143,0.3564327104897175,0.26834292834945556
Random Forest,0.740856808092135,0.645406035639869,0.3291635689050548,0.24400241007437634
XGBoost,0.8036665845831613,0.7265121546476367,0.2890780441909181,0.21433623472693003
