model,train_r2,test_r2,test_rmse,test_mae
Linear Regression,0.7116117494491299,0.6722564145638643,0.3164558971424728,0.2352927265427029
SVR,0.8150439485030172,0.6992034705190029,0.3031674029939345,0.22433782525891877
Decision Tree,0.6997548286203166,0.5836165985489176,0.356691530429617,0.26850057561037277
Random Forest,0.7385039224464884,0.6432265441135919,0.3301736117673248,0.2444368372836224
XGBoost,0.8069737230762813,0.7290063750343845,0.28775682307303607,0.21379260551325593
